,Data Type,% Missing,count,unique,top,freq,mean,std,min,25%,Median (50%),75%,max,Coeff of Var,Unique Values
SK_ID_BUREAU,int64,0.0,27299925.0,,,,6036297.332973552,492348.8569038558,5001709.0,5730933.0,6070821.0,6431951.0,6842888.0,0.08156471256218237,
MONTHS_BALANCE,int64,0.0,27299925.0,,,,-30.74168665298531,23.864508978011287,-96.0,-46.0,-25.0,-11.0,0.0,0.7762914653120965,
STATUS,object,0.0,27299925,8,C,13646993,,,,,,,,,"['C', '0', 'X', '1', '2', '3', '5', '4']"
