,Data Type,% Missing,count,mean,std,min,25%,Median (50%),75%,max,Coeff of Var,Unique Values
DAYS_ENTRY_PAYMENT,float64,0.02135181462126695,13602496.0,-1051.1136840621016,800.5858832923414,-4921.0,-1662.0,-827.0,-370.0,-1.0,0.7616548955945677,
AMT_PAYMENT,float64,0.02135181462126695,13602496.0,17238.223249587416,54735.78398096112,0.0,3398.265,8125.515,16108.425,3771487.845,3.1752567064747335,
SK_ID_PREV,int64,0.0,13605401.0,1903364.9695492988,536202.9055457388,1000001.0,1434191.0,1896520.0,2369094.0,2843499.0,0.2817131312828076,
SK_ID_CURR,int64,0.0,13605401.0,278444.88173821557,102718.3104114991,100001.0,189639.0,278685.0,367530.0,456255.0,0.36889997679350905,
NUM_INSTALMENT_VERSION,float64,0.0,13605401.0,0.8566373016127933,1.0352157357751088,0.0,0.0,1.0,1.0,178.0,1.208464461944519,
NUM_INSTALMENT_NUMBER,int64,0.0,13605401.0,18.87089583026623,26.66406689697653,1.0,4.0,8.0,19.0,277.0,1.4129730319538492,
DAYS_INSTALMENT,float64,0.0,13605401.0,-1042.2699916011295,800.9462842777958,-2922.0,-1654.0,-818.0,-361.0,-1.0,0.768463345133238,
AMT_INSTALMENT,float64,0.0,13605401.0,17050.90698897116,50570.254428609296,0.0,4226.085,8884.08,16710.21,3771487.845,2.9658395568821683,
