,Data Type,% Missing,count,unique,top,freq,mean,std,min,25%,Median (50%),75%,max,Coeff of Var,Unique Values
CNT_INSTALMENT_FUTURE,float64,0.2608345786642174,9975271.0,,,,10.483840388897706,11.109057668950744,0.0,3.0,7.0,14.0,85.0,1.0596362837338822,
CNT_INSTALMENT,float64,0.26067460038926715,9975287.0,,,,17.089650453164907,11.995055980335957,1.0,10.0,12.0,24.0,92.0,0.7018900716084886,
SK_ID_PREV,int64,0.0,10001358.0,,,,1903216.5989568618,535846.530721741,1000001.0,1434405.0,1896565.0,2368963.0,2843499.0,0.28154784432598706,
SK_ID_CURR,int64,0.0,10001358.0,,,,278403.8633055631,102763.7450896891,100001.0,189550.0,278654.0,367429.0,456255.0,0.36911752541630644,
MONTHS_BALANCE,int64,0.0,10001358.0,,,,-35.012587990550884,26.066569967590546,-96.0,-54.0,-28.0,-13.0,-1.0,0.7444913804893637,
NAME_CONTRACT_STATUS,object,0.0,10001358,9,Active,9151119,,,,,,,,,"['Active', 'Completed', 'Signed', 'Approved', 'Returned to the store', 'Demand', 'Canceled', 'XNA', 'Amortized debt']"
SK_DPD,int64,0.0,10001358.0,,,,11.606928279139693,132.7140434930959,0.0,0.0,0.0,0.0,4231.0,11.434036663396414,
SK_DPD_DEF,int64,0.0,10001358.0,,,,0.654468423188131,32.76249054396254,0.0,0.0,0.0,0.0,3595.0,50.05969636298978,
